OriginalVariableNames,Var1_1,Var1_2,Var1_3,Var1_4,Var1_5,Var1_6,Var1_7,Var1_8,Var1_9,Var1_10,Var1_11,Var1_12,Var1_13,Var1_14,Var1_15,Var1_16
id_obj,1,,,,,,,,,,,,,,,
Obj_Sea,1,,,,,,,,,,,,,,,
Obj_Air,1,,,,,,,,,,,,,,,
Obj_Land,1,,,,,,,,,,,,,,,
Location_Poly_X,15.7434402332362,10.2040816326531,31.1953352769679,43.4402332361516,,,,,,,,,,,,
Location_Poly_Y,88.7755102040816,68.3673469387755,49.4169096209912,83.5276967930029,,,,,,,,,,,,
Location_Point_X,17.2751494445185,17.2751494445185,17.2751494445185,17.2751494445185,24.346217256384,24.346217256384,24.346217256384,24.346217256384,24.346217256384,31.4172850682495,31.4172850682495,31.4172850682495,31.4172850682495,31.4172850682495,38.488352880115,38.488352880115
Location_Point_Y,63.5590452447222,70.6301130565877,77.7011808684532,84.7722486803186,56.4879774328567,63.5590452447222,70.6301130565877,77.7011808684532,84.7722486803186,56.4879774328567,63.5590452447222,70.6301130565877,77.7011808684532,84.7722486803186,70.6301130565877,77.7011808684532
Density,0.02,,,,,,,,,,,,,,,
WindSpeed,0,,,,,,,,,,,,,,,
WindDirectionDegree,0,,,,,,,,,,,,,,,
id_obj,2,,,,,,,,,,,,,
Obj_Sea,1,,,,,,,,,,,,,
Obj_Air,1,,,,,,,,,,,,,
Obj_Land,1,,,,,,,,,,,,,
Location_Poly_X,60.6413994169096,55.1020408163265,80.7580174927113,85.1311953352769,,,,,,,,,,
Location_Poly_Y,81.1953352769679,56.4139941690962,48.8338192419825,80.3206997084548,,,,,,,,,,
Location_Point_X,62.173108628192,62.173108628192,62.173108628192,62.173108628192,69.2441764400575,69.2441764400575,69.2441764400575,69.2441764400575,76.3152442519229,76.3152442519229,76.3152442519229,76.3152442519229,83.3863120637884,83.3863120637884
Location_Point_Y,55.904887053848,62.9759548657134,70.0470226775789,77.1180904894444,55.904887053848,62.9759548657134,70.0470226775789,77.1180904894444,55.904887053848,62.9759548657134,70.0470226775789,77.1180904894444,70.0470226775789,77.1180904894444
Density,0.02,,,,,,,,,,,,,
WindSpeed,0,,,,,,,,,,,,,
WindDirectionDegree,0,,,,,,,,,,,,,
